Position_m,Collar0,114,1212,1320,1424,1532,1640,1744,1852,1960,2064,2172,2215,3116,3217,3318,3419,3520,3621,3722,3823,3924,4025,4126,4227,4328,4429,4530,4631,4732,4833,4934,5035,5136,5237,5338,5439,5540,5641,5742,5843,5944,6045,6146,6247,6348,6449,6550,6651,6752,6853,6954,7055,7156,7257,7358,7459,7560,76